Workbook

Sheet Sheet1
D2: 2023 | H2: 2024 | L2: 2025 | P2: 2026 | T2: 2027
B3: Advertising Sales | D3: Q1 | E3: Q2 | F3: Q3 | G3: Q4 | H3: Q1 | I3: Q2 | J3: Q3 | K3: Q4 | L3: Q1 | M3: Q2 | N3: Q3 | O3: Q4 | P3: Q1 | Q3: Q2E | R3: Q3E | S3: Q4E | T3: Q1E | U3: Q2E | V3: Q3E | W3: Q4E
B4: Google | D4: 54548 | E4: 58143 | F4: 59647 | G4: 65517 | H4: 61659 | I4: 64616 | J4: 65854 | K4: 72461 | L4: 66885 | M4: 71340 | N4: 74182 | O4: 82284 | P4: 77253 | Q4: 81152 | R4: 83423 | S4: 91876 | T4: 87149 | U4: 90982 | V4: 92946 | W4: 99046
B5: % growth | H5: =(H4-D4)/D4 -> 0.13036225 | I5: =(I4-E4)/E4 -> 0.11132896 | J5: =(J4-F4)/F4 -> 0.10406223 | K5: =(K4-G4)/G4 -> 0.10598776 | L5: =(L4-H4)/H4 -> 0.084756483 | M5: =(M4-I4)/I4 -> 0.10406091 | N5: =(N4-J4)/J4 -> 0.12646157 | O5: =(O4-K4)/K4 -> 0.13556258 | ... W5: =(W4-S4)/S4 -> 0.078039967
B6: % of total | D6: =D4/D$22 -> 0.59189653 | E6: =E4/E$22 -> 0.57955225 | F6: =F4/F$22 -> 0.5661794 | G6: =G4/G$22 -> 0.55113268 | H6: =H4/H$22 -> 0.56506717 | I6: =I4/I$22 -> 0.5584016 | J6: =J4/J$22 -> 0.5484634 | K6: =K4/K$22 -> 0.5307254 | ... W6: =W4/W$22 -> 0.46534114
B9: Meta | D9: 28101 | E9: 31498 | F9: 33643 | G9: 38706 | H9: 35635 | I9: 38329 | J9: 39885 | K9: 46783 | L9: 41392 | M9: 46563 | N9: 50082 | O9: 58137 | P9: 55024 | Q9: 58884 | R9: 61577 | S9: 70913 | T9: 65449 | U9: 69629 | V9: 72291 | W9: 83809
B10: % growth | H10: =(H9-D9)/D9 -> 0.26810434 | I10: =(I9-E9)/E9 -> 0.21687091 | J10: =(J9-F9)/F9 -> 0.18553637 | K10: =(K9-G9)/G9 -> 0.20867566 | L10: =(L9-H9)/H9 -> 0.16155465 | M10: =(M9-I9)/I9 -> 0.21482428 | N10: =(N9-J9)/J9 -> 0.25566002 | O10: =(O9-K9)/K9 -> 0.242695 | ... W10: =(W9-S9)/S9 -> 0.18185664
B11: % of total | D11: =D9/D$22 -> 0.30492198 | E11: =E9/E$22 -> 0.31396276 | F11: =F9/F$22 -> 0.31934504 | G11: =G9/G$22 -> 0.32559705 | H11: =H9/H$22 -> 0.32657307 | I11: =I9/I$22 -> 0.33123336 | J11: =J9/J$22 -> 0.33218123 | K11: =K9/K$22 -> 0.34265227 | ... W11: =W9/W$22 -> 0.39375417
B14: Amazon | D14: 9509 | E14: 10683 | F14: 12060 | G14: 14654 | H14: 11824 | I14: 12771 | J14: 14331 | K14: 17288 | L14: 13921 | M14: 15694 | N14: 17703 | O14: 21317 | P14: 17243 | Q14: 19257 | R14: 20934 | S14: 25450 | T14: 20098 | U14: 22870 | V14: 24486 | W14: 29991
B15: % growth | H15: =(H14-D14)/D14 -> 0.24345357 | I15: =(I14-E14)/E14 -> 0.19545072 | J15: =(J14-F14)/F14 -> 0.18830846 | K15: =(K14-G14)/G14 -> 0.17974614 | L15: =(L14-H14)/H14 -> 0.17735115 | M15: =(M14-I14)/I14 -> 0.22887793 | N15: =(N14-J14)/J14 -> 0.23529412 | O15: =(O14-K14)/K14 -> 0.23305183 | ... W15: =(W14-S14)/S14 -> 0.17842829
B16: % of total | D16: =D14/D$22 -> 0.10318149 | E16: =E14/E$22 -> 0.10648499 | F16: =F14/F$22 -> 0.11447556 | G16: =G14/G$22 -> 0.12327027 | H16: =H14/H$22 -> 0.10835976 | I16: =I14/I$22 -> 0.11036503 | J16: =J14/J$22 -> 0.11935538 | K16: =K14/K$22 -> 0.12662233 | ... W16: =W14/W$22 -> 0.14090469
B18: AppLovin | D18: 354.758 | E18: 406.063 | F18: 504.452 | G18: 576.489 | H18: 678.37 | I18: 711.015 | J18: 835.186 | K18: 999.487 | L18: 1158.97 | M18: 1258.8 | N18: 1405 | O18: 1657.9 | P18: 1785.39 | Q18: 1916.26 | R18: 2061.08 | S18: 2321.72 | T18: 2368.9 | U18: 2487.34
B19: % growth | H19: =(H18-D18)/D18 -> 0.91220494 | I19: =(I18-E18)/E18 -> 0.75099677 | J19: =(J18-F18)/F18 -> 0.65563027 | K19: =(K18-G18)/G18 -> 0.73374861 | L19: =(L18-H18)/H18 -> 0.70846293 | M19: =(M18-I18)/I18 -> 0.77042678 | N19: =(N18-J18)/J18 -> 0.68226 | O19: =(O18-K18)/K18 -> 0.65875094 | ... W19: =(W18-S18)/S18 -> -1
B20: % of total | D20: =D18/D$22 -> 0.0038494542 | E20: =E18/E$22 -> 0.004047516 | F20: =F18/F$22 -> 0.0047883436 | G20: =G18/G$22 -> 0.0048494578 | H20: =H18/H$22 -> 0.0062168478 | I20: =I18/I$22 -> 0.006144483 | J20: =J18/J$22 -> 0.0069558258 | K20: =K18/K$22 -> 0.0073205329 | ... W20: =W18/W$22 -> 0
B22: Total | D22: =SUM(D4+D9+D14) -> 92158 | E22: =SUM(E4+E9+E14) -> 100324 | F22: =SUM(F4+F9+F14) -> 105350 | G22: =SUM(G4+G9+G14) -> 118877 | H22: =SUM(H4+H9+H14) -> 109118 | I22: =SUM(I4+I9+I14) -> 115716 | J22: =SUM(J4+J9+J14) -> 120070 | K22: =SUM(K4+K9+K14) -> 136532 | ... W22: =SUM(W4+W9+W14) -> 212846
B23: % growth | H23: =(H22-D22)/D22 -> 0.18403177 | I23: =(I22-E22)/E22 -> 0.15342291 | J23: =(J22-F22)/F22 -> 0.13972473 | K23: =(K22-G22)/G22 -> 0.14851485 | L23: =(L22-H22)/H22 -> 0.11987023 | M23: =(M22-I22)/I22 -> 0.15452487 | N23: =(N22-J22)/J22 -> 0.18236862 | O23: =(O22-K22)/K22 -> 0.18461606 | ... W23: =(W22-S22)/S22 -> 0.13072211
B25: Google/Meta | D25: =D4/D9 -> 1.9411409 | E25: =E4/E9 -> 1.8459267 | F25: =F4/F9 -> 1.7729394 | G25: =G4/G9 -> 1.6926833 | H25: =H4/H9 -> 1.7302933 | I25: =I4/I9 -> 1.6858254 | J25: =J4/J9 -> 1.6510969 | K25: =K4/K9 -> 1.5488746 | ... W25: =W4/W9 -> 1.1818062
B26: Google/Amazon | D26: =D4/D14 -> 5.7364602 | E26: =E4/E14 -> 5.4425723 | F26: =F4/F14 -> 4.9458541 | G26: =G4/G14 -> 4.4709294 | H26: =H4/H14 -> 5.2147327 | I26: =I4/I14 -> 5.0595881 | J26: =J4/J14 -> 4.5952132 | K26: =K4/K14 -> 4.1914044 | ... W26: =W4/W14 -> 3.3025241
B27: Meta/Google | D27: =D9/D4 -> 0.51516096 | E27: =E9/E4 -> 0.54173331 | F27: =F9/F4 -> 0.56403507 | G27: =G9/G4 -> 0.59077797 | H27: =H9/H4 -> 0.57793672 | I27: =I9/I4 -> 0.59318126 | J27: =J9/J4 -> 0.60565797 | K27: =K9/K4 -> 0.64563006 | ... W27: =W9/W4 -> 0.84616239
B28: Meta/Amazon | D28: =D9/D14 -> 2.9552003 | E28: =E9/E14 -> 2.9484227 | F28: =F9/F14 -> 2.7896352 | G28: =G9/G14 -> 2.6413266 | H28: =H9/H14 -> 3.0137855 | I28: =I9/I14 -> 3.0012528 | J28: =J9/J14 -> 2.7831275 | K28: =K9/K14 -> 2.7060967 | ... W28: =W9/W14 -> 2.7944717
B29: Amazon/Google | D29: =D14/D4 -> 0.17432353 | E29: =E14/E4 -> 0.18373665 | F29: =F14/F4 -> 0.20218955 | G29: =G14/G4 -> 0.22366714 | H29: =H14/H4 -> 0.19176438 | I29: =I14/I4 -> 0.19764455 | J29: =J14/J4 -> 0.21761776 | K29: =K14/K4 -> 0.23858351 | ... W29: =W14/W4 -> 0.3027987
B30: Amazon/Meta | D30: =D14/D9 -> 0.33838653 | E30: =E14/E9 -> 0.33916439 | F30: =F14/F9 -> 0.35846982 | G30: =G14/G9 -> 0.37859763 | H30: =H14/H9 -> 0.33180862 | I30: =I14/I9 -> 0.33319419 | J30: =J14/J9 -> 0.35930801 | K30: =K14/K9 -> 0.36953594 | ... W30: =W14/W9 -> 0.3578494

Sheet Ad Sales Charts
X3: Quarterly Sales ($mm)
X4: Metric | Y4: 2023 Q1 | Z4: 2023 Q2 | AA4: 2023 Q3 | AB4: 2023 Q4 | AC4: 2024 Q1 | AD4: 2024 Q2 | AE4: 2024 Q3 | AF4: 2024 Q4 | AG4: 2025 Q1 | AH4: 2025 Q2 | AI4: 2025 Q3 | AJ4: 2025 Q4 | AK4: 2026 Q1
X5: Google | Y5: =Sheet1!D4 -> 54548 | Z5: =Sheet1!E4 -> 58143 | AA5: =Sheet1!F4 -> 59647 | AB5: =Sheet1!G4 -> 65517 | AC5: =Sheet1!H4 -> 61659 | AD5: =Sheet1!I4 -> 64616 | AE5: =Sheet1!J4 -> 65854 | AF5: =Sheet1!K4 -> 72461 | ... AK5: =Sheet1!P4 -> 77253
X6: Meta | Y6: =Sheet1!D9 -> 28101 | Z6: =Sheet1!E9 -> 31498 | AA6: =Sheet1!F9 -> 33643 | AB6: =Sheet1!G9 -> 38706 | AC6: =Sheet1!H9 -> 35635 | AD6: =Sheet1!I9 -> 38329 | AE6: =Sheet1!J9 -> 39885 | AF6: =Sheet1!K9 -> 46783 | ... AK6: =Sheet1!P9 -> 55024
X7: Amazon | Y7: =Sheet1!D14 -> 9509 | Z7: =Sheet1!E14 -> 10683 | AA7: =Sheet1!F14 -> 12060 | AB7: =Sheet1!G14 -> 14654 | AC7: =Sheet1!H14 -> 11824 | AD7: =Sheet1!I14 -> 12771 | AE7: =Sheet1!J14 -> 14331 | AF7: =Sheet1!K14 -> 17288 | ... AK7: =Sheet1!P14 -> 17243
X8: Total | Y8: =Sheet1!D22 -> 92158 | Z8: =Sheet1!E22 -> 100324 | AA8: =Sheet1!F22 -> 105350 | AB8: =Sheet1!G22 -> 118877 | AC8: =Sheet1!H22 -> 109118 | AD8: =Sheet1!I22 -> 115716 | AE8: =Sheet1!J22 -> 120070 | AF8: =Sheet1!K22 -> 136532 | ... AK8: =Sheet1!P22 -> 149520
X10: YoY Growth (%)
X11: Metric | Y11: 2024 Q1 | Z11: 2024 Q2 | AA11: 2024 Q3 | AB11: 2024 Q4 | AC11: 2025 Q1 | AD11: 2025 Q2 | AE11: 2025 Q3 | AF11: 2025 Q4 | AG11: 2026 Q1
X12: Google | Y12: =Sheet1!H5 -> 0.13036225 | Z12: =Sheet1!I5 -> 0.11132896 | AA12: =Sheet1!J5 -> 0.10406223 | AB12: =Sheet1!K5 -> 0.10598776 | AC12: =Sheet1!L5 -> 0.084756483 | AD12: =Sheet1!M5 -> 0.10406091 | AE12: =Sheet1!N5 -> 0.12646157 | AF12: =Sheet1!O5 -> 0.13556258 | AG12: =Sheet1!P5 -> 0.15501233
X13: Meta | Y13: =Sheet1!H10 -> 0.26810434 | Z13: =Sheet1!I10 -> 0.21687091 | AA13: =Sheet1!J10 -> 0.18553637 | AB13: =Sheet1!K10 -> 0.20867566 | AC13: =Sheet1!L10 -> 0.16155465 | AD13: =Sheet1!M10 -> 0.21482428 | AE13: =Sheet1!N10 -> 0.25566002 | AF13: =Sheet1!O10 -> 0.242695 | AG13: =Sheet1!P10 -> 0.329339
X14: Amazon | Y14: =Sheet1!H15 -> 0.24345357 | Z14: =Sheet1!I15 -> 0.19545072 | AA14: =Sheet1!J15 -> 0.18830846 | AB14: =Sheet1!K15 -> 0.17974614 | AC14: =Sheet1!L15 -> 0.17735115 | AD14: =Sheet1!M15 -> 0.22887793 | AE14: =Sheet1!N15 -> 0.23529412 | AF14: =Sheet1!O15 -> 0.23305183 | AG14: =Sheet1!P15 -> 0.23863228
X15: Total | Y15: =Sheet1!H23 -> 0.18403177 | Z15: =Sheet1!I23 -> 0.15342291 | AA15: =Sheet1!J23 -> 0.13972473 | AB15: =Sheet1!K23 -> 0.14851485 | AC15: =Sheet1!L23 -> 0.11987023 | AD15: =Sheet1!M23 -> 0.15452487 | AE15: =Sheet1!N23 -> 0.18236862 | AF15: =Sheet1!O23 -> 0.18461606 | AG15: =Sheet1!P23 -> 0.22358795
X17: % of Total Sales
X18: Metric | Y18: 2023 Q1 | Z18: 2023 Q2 | AA18: 2023 Q3 | AB18: 2023 Q4 | AC18: 2024 Q1 | AD18: 2024 Q2 | AE18: 2024 Q3 | AF18: 2024 Q4 | AG18: 2025 Q1 | AH18: 2025 Q2 | AI18: 2025 Q3 | AJ18: 2025 Q4 | AK18: 2026 Q1
X19: Google | Y19: =Sheet1!D6 -> 0.59189653 | Z19: =Sheet1!E6 -> 0.57955225 | AA19: =Sheet1!F6 -> 0.5661794 | AB19: =Sheet1!G6 -> 0.55113268 | AC19: =Sheet1!H6 -> 0.56506717 | AD19: =Sheet1!I6 -> 0.5584016 | AE19: =Sheet1!J6 -> 0.5484634 | AF19: =Sheet1!K6 -> 0.5307254 | ... AK19: =Sheet1!P6 -> 0.51667335
X20: Meta | Y20: =Sheet1!D11 -> 0.30492198 | Z20: =Sheet1!E11 -> 0.31396276 | AA20: =Sheet1!F11 -> 0.31934504 | AB20: =Sheet1!G11 -> 0.32559705 | AC20: =Sheet1!H11 -> 0.32657307 | AD20: =Sheet1!I11 -> 0.33123336 | AE20: =Sheet1!J11 -> 0.33218123 | AF20: =Sheet1!K11 -> 0.34265227 | ... AK20: =Sheet1!P11 -> 0.36800428
X21: Amazon | Y21: =Sheet1!D16 -> 0.10318149 | Z21: =Sheet1!E16 -> 0.10648499 | AA21: =Sheet1!F16 -> 0.11447556 | AB21: =Sheet1!G16 -> 0.12327027 | AC21: =Sheet1!H16 -> 0.10835976 | AD21: =Sheet1!I16 -> 0.11036503 | AE21: =Sheet1!J16 -> 0.11935538 | AF21: =Sheet1!K16 -> 0.12662233 | ... AK21: =Sheet1!P16 -> 0.11532236
X23: Scale Ratios - Core Peer Set
X24: Metric | Y24: 2023 Q1 | Z24: 2023 Q2 | AA24: 2023 Q3 | AB24: 2023 Q4 | AC24: 2024 Q1 | AD24: 2024 Q2 | AE24: 2024 Q3 | AF24: 2024 Q4 | AG24: 2025 Q1 | AH24: 2025 Q2 | AI24: 2025 Q3 | AJ24: 2025 Q4 | AK24: 2026 Q1
X25: Google/Meta | Y25: =Sheet1!D25 -> 1.9411409 | Z25: =Sheet1!E25 -> 1.8459267 | AA25: =Sheet1!F25 -> 1.7729394 | AB25: =Sheet1!G25 -> 1.6926833 | AC25: =Sheet1!H25 -> 1.7302933 | AD25: =Sheet1!I25 -> 1.6858254 | AE25: =Sheet1!J25 -> 1.6510969 | AF25: =Sheet1!K25 -> 1.5488746 | ... AK25: =Sheet1!P25 -> 1.4039874
X26: Google/Amazon | Y26: =Sheet1!D26 -> 5.7364602 | Z26: =Sheet1!E26 -> 5.4425723 | AA26: =Sheet1!F26 -> 4.9458541 | AB26: =Sheet1!G26 -> 4.4709294 | AC26: =Sheet1!H26 -> 5.2147327 | AD26: =Sheet1!I26 -> 5.0595881 | AE26: =Sheet1!J26 -> 4.5952132 | AF26: =Sheet1!K26 -> 4.1914044 | ... AK26: =Sheet1!P26 -> 4.4802529
X27: Meta/Amazon | Y27: =Sheet1!D28 -> 2.9552003 | Z27: =Sheet1!E28 -> 2.9484227 | AA27: =Sheet1!F28 -> 2.7896352 | AB27: =Sheet1!G28 -> 2.6413266 | AC27: =Sheet1!H28 -> 3.0137855 | AD27: =Sheet1!I28 -> 3.0012528 | AE27: =Sheet1!J28 -> 2.7831275 | AF27: =Sheet1!K28 -> 2.7060967 | ... AK27: =Sheet1!P28 -> 3.191092
X29: Scale Ratios - Amazon Relative Scale
X30: Metric | Y30: 2023 Q1 | Z30: 2023 Q2 | AA30: 2023 Q3 | AB30: 2023 Q4 | AC30: 2024 Q1 | AD30: 2024 Q2 | AE30: 2024 Q3 | AF30: 2024 Q4 | AG30: 2025 Q1 | AH30: 2025 Q2 | AI30: 2025 Q3 | AJ30: 2025 Q4 | AK30: 2026 Q1
X31: Amazon/Google | Y31: =Sheet1!D29 -> 0.17432353 | Z31: =Sheet1!E29 -> 0.18373665 | AA31: =Sheet1!F29 -> 0.20218955 | AB31: =Sheet1!G29 -> 0.22366714 | AC31: =Sheet1!H29 -> 0.19176438 | AD31: =Sheet1!I29 -> 0.19764455 | AE31: =Sheet1!J29 -> 0.21761776 | AF31: =Sheet1!K29 -> 0.23858351 | ... AK31: =Sheet1!P29 -> 0.22320169
X32: Amazon/Meta | Y32: =Sheet1!D30 -> 0.33838653 | Z32: =Sheet1!E30 -> 0.33916439 | AA32: =Sheet1!F30 -> 0.35846982 | AB32: =Sheet1!G30 -> 0.37859763 | AC32: =Sheet1!H30 -> 0.33180862 | AD32: =Sheet1!I30 -> 0.33319419 | AE32: =Sheet1!J30 -> 0.35930801 | AF32: =Sheet1!K30 -> 0.36953594 | ... AK32: =Sheet1!P30 -> 0.31337235
X33: Meta/Google | Y33: =Sheet1!D27 -> 0.51516096 | Z33: =Sheet1!E27 -> 0.54173331 | AA33: =Sheet1!F27 -> 0.56403507 | AB33: =Sheet1!G27 -> 0.59077797 | AC33: =Sheet1!H27 -> 0.57793672 | AD33: =Sheet1!I27 -> 0.59318126 | AE33: =Sheet1!J27 -> 0.60565797 | AF33: =Sheet1!K27 -> 0.64563006 | ... AK33: =Sheet1!P27 -> 0.71225713
X35: Latest Actual Sales (2026 Q1)
X36: Company | Y36: 2026 Q1
X37: Google | Y37: =Sheet1!P4 -> 77253
X38: Meta | Y38: =Sheet1!P9 -> 55024
X39: Amazon | Y39: =Sheet1!P14 -> 17243
X41: Latest % of Total (2026 Q1)
X42: Company | Y42: 2026 Q1
X43: Google | Y43: =Sheet1!P6 -> 0.51667335
X44: Meta | Y44: =Sheet1!P11 -> 0.36800428
X45: Amazon | Y45: =Sheet1!P16 -> 0.11532236
X47: Metric | Y47: Google | Z47: Meta | AA47: Amazon
X48: 2026 Q1 Sales | Y48: =Sheet1!P4 -> 77253 | Z48: =Sheet1!P9 -> 55024 | AA48: =Sheet1!P14 -> 17243
X50: Metric | Y50: Google | Z50: Meta | AA50: Amazon
X51: 2026 Q1 % Total | Y51: =Sheet1!P6 -> 0.51667335 | Z51: =Sheet1!P11 -> 0.36800428 | AA51: =Sheet1!P16 -> 0.11532236
X53: Amazon/Meta Specific Ratio
X54: Metric | Y54: 2023 Q1 | Z54: 2023 Q2 | AA54: 2023 Q3 | AB54: 2023 Q4 | AC54: 2024 Q1 | AD54: 2024 Q2 | AE54: 2024 Q3 | AF54: 2024 Q4 | AG54: 2025 Q1 | AH54: 2025 Q2 | AI54: 2025 Q3 | AJ54: 2025 Q4 | AK54: 2026 Q1
X55: Amazon/Meta | Y55: =Sheet1!D30 -> 0.33838653 | Z55: =Sheet1!E30 -> 0.33916439 | AA55: =Sheet1!F30 -> 0.35846982 | AB55: =Sheet1!G30 -> 0.37859763 | AC55: =Sheet1!H30 -> 0.33180862 | AD55: =Sheet1!I30 -> 0.33319419 | AE55: =Sheet1!J30 -> 0.35930801 | AF55: =Sheet1!K30 -> 0.36953594 | ... AK55: =Sheet1!P30 -> 0.31337235
X58: Date | Y58: % Change | AB58: YoY $ Growth ($mm)
X59: 46146 | Y59: -0.51723293 | AB59: Metric | AC59: 2024 Q1 | AD59: 2024 Q2 | AE59: 2024 Q3 | AF59: 2024 Q4 | AG59: 2025 Q1 | AH59: 2025 Q2 | AI59: 2025 Q3 | AJ59: 2025 Q4 | AK59: 2026 Q1
X60: 46142 | Y60: 6.9529652 | AB60: Google | AC60: =AC5-Y5 -> 7111 | AD60: =AD5-Z5 -> 6473 | AE60: =AE5-AA5 -> 6207 | AF60: =AF5-AB5 -> 6944 | AG60: =AG5-AC5 -> 5226 | AH60: =AH5-AD5 -> 6724 | AI60: =AI5-AE5 -> 8328 | AJ60: =AJ5-AF5 -> 9823 | AK60: =AK5-AG5 -> 10368
X61: 46112 | Y61: -11.732852 | AB61: Meta | AC61: =AC6-Y6 -> 7534 | AD61: =AD6-Z6 -> 6831 | AE61: =AE6-AA6 -> 6242 | AF61: =AF6-AB6 -> 8077 | AG61: =AG6-AC6 -> 5757 | AH61: =AH6-AD6 -> 8234 | AI61: =AI6-AE6 -> 10197 | AJ61: =AJ6-AF6 -> 11354 | AK61: =AK6-AG6 -> 13632
X62: 46080 | Y62: -9.5352408 | AB62: Amazon | AC62: =AC7-Y7 -> 2315 | AD62: =AD7-Z7 -> 2088 | AE62: =AE7-AA7 -> 2271 | AF62: =AF7-AB7 -> 2634 | AG62: =AG7-AC7 -> 2097 | AH62: =AH7-AD7 -> 2923 | AI62: =AI7-AE7 -> 3372 | AJ62: =AJ7-AF7 -> 4029 | AK62: =AK7-AG7 -> 3322
X63: 46052 | Y63: 8.5458044 | AB63: Total | AC63: =SUM(AC60:AC62) -> 16960 | AD63: =SUM(AD60:AD62) -> 15392 | AE63: =SUM(AE60:AE62) -> 14720 | AF63: =SUM(AF60:AF62) -> 17655 | AG63: =SUM(AG60:AG62) -> 13080 | AH63: =SUM(AH60:AH62) -> 17881 | AI63: =SUM(AI60:AI62) -> 21897 | AJ63: =SUM(AJ60:AJ62) -> 25206 | AK63: =SUM(AK60:AK62) -> 27322
X64: 46022 | Y64: 1.8736014
X65: 45989 | Y65: -0.061695072 | AB65: QoQ $ Growth ($mm)
X66: 45961 | Y66: -11.714644 | AB66: Metric | AC66: 2023 Q2 | AD66: 2023 Q3 | AE66: 2023 Q4 | AF66: 2024 Q1 | AG66: 2024 Q2 | AH66: 2024 Q3 | AI66: 2024 Q4 | AJ66: 2025 Q1 | AK66: 2025 Q2 | AL66: 2025 Q3 | AM66: 2025 Q4 | AN66: 2026 Q1
X67: 45930 | Y67: -0.58481115 | AB67: Google | AC67: =Z5-Y5 -> 3595 | AD67: =AA5-Z5 -> 1504 | AE67: =AB5-AA5 -> 5870 | AF67: =AC5-AB5 -> -3858 | AG67: =AD5-AC5 -> 2957 | AH67: =AE5-AD5 -> 1238 | AI67: =AF5-AE5 -> 6607 | AJ67: =AG5-AF5 -> -5576 | ... AN67: =AK5-AJ5 -> -5031
X68: 45898 | Y68: -4.4916218 | AB68: Meta | AC68: =Z6-Y6 -> 3397 | AD68: =AA6-Z6 -> 2145 | AE68: =AB6-AA6 -> 5063 | AF68: =AC6-AB6 -> -3071 | AG68: =AD6-AC6 -> 2694 | AH68: =AE6-AD6 -> 1556 | AI68: =AF6-AE6 -> 6898 | AJ68: =AG6-AF6 -> -5391 | ... AN68: =AK6-AJ6 -> -3113
X69: 45869 | Y69: 4.7893888 | AB69: Amazon | AC69: =Z7-Y7 -> 1174 | AD69: =AA7-Z7 -> 1377 | AE69: =AB7-AA7 -> 2594 | AF69: =AC7-AB7 -> -2830 | AG69: =AD7-AC7 -> 947 | AH69: =AE7-AD7 -> 1560 | AI69: =AF7-AE7 -> 2957 | AJ69: =AG7-AF7 -> -3367 | ... AN69: =AK7-AJ7 -> -4074
X70: 45838 | Y70: 13.992494
X71: 45807 | Y71: 17.939891 | AB71: % of Incremental Advertising Sales (YoY New $)
X72: 45777 | Y72: -4.7470331 | AB72: Metric | AC72: 2024 Q1 | AD72: 2024 Q2 | AE72: 2024 Q3 | AF72: 2024 Q4 | AG72: 2025 Q1 | AH72: 2025 Q2 | AI72: 2025 Q3 | AJ72: 2025 Q4 | AK72: 2026 Q1
X73: 45747 | Y73: -13.744388 | AB73: Google | AC73: =AC60/AC63 -> 0.41928066 | AD73: =AD60/AD63 -> 0.42054314 | AE73: =AE60/AE63 -> 0.4216712 | AF73: =AF60/AF63 -> 0.39331634 | AG73: =AG60/AG63 -> 0.39954128 | AH73: =AH60/AH63 -> 0.37604161 | AI73: =AI60/AI63 -> 0.38032607 | AJ73: =AJ60/AJ63 -> 0.3897088 | AK73: =AK60/AK63 -> 0.37947442
X74: 45716 | Y74: -3.0441975 | AB74: Meta | AC74: =AC61/AC63 -> 0.4442217 | AD74: =AD61/AD63 -> 0.44380198 | AE74: =AE61/AE63 -> 0.42404891 | AF74: =AF61/AF63 -> 0.4574908 | AG74: =AG61/AG63 -> 0.44013761 | AH74: =AH61/AH63 -> 0.46048879 | AI74: =AI61/AI63 -> 0.46568023 | AJ74: =AJ61/AJ63 -> 0.45044831 | AK74: =AK61/AK63 -> 0.49893858
X75: 45688 | Y75: 17.705932 | AB75: Amazon | AC75: =AC62/AC63 -> 0.13649764 | AD75: =AD62/AD63 -> 0.13565489 | AE75: =AE62/AE63 -> 0.15427989 | AF75: =AF62/AF63 -> 0.14919286 | AG75: =AG62/AG63 -> 0.1603211 | AH75: =AH62/AH63 -> 0.1634696 | AI75: =AI62/AI63 -> 0.1539937 | AJ75: =AJ62/AJ63 -> 0.15984289 | AK75: =AK62/AK63 -> 0.121587
X76: 45657 | Y76: 1.9483911 | AB76: Check: sums to 100% | AC76: =SUM(AC73:AC75) -> 1 | AD76: =SUM(AD73:AD75) -> 1 | AE76: =SUM(AE73:AE75) -> 1 | AF76: =SUM(AF73:AF75) -> 1 | AG76: =SUM(AG73:AG75) -> 1 | AH76: =SUM(AH73:AH75) -> 1 | AI76: =SUM(AI73:AI75) -> 1 | AJ76: =SUM(AJ73:AJ75) -> 1 | AK76: =SUM(AK73:AK75) -> 1
X77: 45625 | Y77: 1.1874978
X78: 45596 | Y78: -0.84899727
X79: 45565 | Y79: 9.8079837
X80: 45534 | Y80: 9.7887665
X81: 45504 | Y81: -5.8288049
X82: 45471 | Y82: 8.0093396
X83: 45443 | Y83: 8.5222121
X84: 45412 | Y84: -11.411096
X85: 45379 | Y85: -0.92832514
X86: 45351 | Y86: 25.629261
X87: 45322 | Y87: 10.221494
X88: 45289 | Y88: 8.1950176
... X99: 44957 | Y99: 23.790926
